SellerId,PhxWarehouseId,PostalCode,Name,isSwept,SweepWarehouseId,isSip,SipWarehouseId
69374,2000001,19114,AAA DISTRIBUTOR INC - PA,0,0,0,0
69379,2000002,55379,ACI,0,0,0,0
69427,2000003,91605,Alessco Inc Warehouse CA,0,0,0,0
71077,2000004,22312,Alexandria,0,0,0,0
70273,2000005,91803,Alhambra Warehouse,0,0,0,0
69432,2000006,33178,Aljoma,0,0,0,0
69437,2000007,33172,Alucom Miami,0,0,0,0
69439,2000008,65721,Alucom Missouri,0,0,0,0
70963,2000009,7206,AMERICAN SELECT WHSE (AMS),0,0,0,0
69911,2000010,92805,Anaheim - EmilAmerica Inc,0,0,0,0
69932,2000011,92805,Anaheim - Eurowest,0,0,0,0
70153,2000012,92805,Anaheim - Iris US,1,2000505,0,
70554,2000013,92806,Anaheim - National Turf Supply,0,0,0,0
70753,2000014,242237,"Anhui Sentai WPC New Material Co.,Ltd",0,0,0,0
69457,2000015,303302,"Anji Huaxin Bamboo & Wood Products Co.,Ltd",0,0,0,0
70081,2000016,0,Ardosia Reis/ Minerar,0,0,0,0
69493,2000017,21060,"ARK Floors Baltimore, MD",0,0,0,0
69495,2000018,91733,Ark Floors Inc CA,0,0,0,0
69497,2000019,33782,Ark Floors Inc FL,0,0,0,0
69499,2000020,31408,Ark Floors Inc GA,0,0,0,0
69501,2000021,21060,Ark Floors Inc MD,0,0,0,0
69503,2000022,77507,Ark Floors Inc TX,0,0,0,0
69472,2000023,2210,Artaic - Boston,0,0,0,0
71008,2000024,1835,East Coast MA,0,0,0,0
71010,2000025,L7M1K5,East Coast ON,0,0,0,0
71012,2000026,V4G1L8,West Coast BC,0,0,0,0
71014,2000027,98499,West Coast WA,0,0,0,0
69477,2000028,215400,"ASAHIKOUSHIN (SHANGHAI) CO., LTD",0,0,0,0
69481,2000029,91748,ASC International LLC.,0,0,0,0
70694,2000030,70043,Associated Terminals of St. Bernard,0,0,0,0
70937,2000031,30336,Atlanta GA,0,0,0,0
70618,2000032,30144,Aurora Hardwood,0,0,0,0
69532,2000033,7160,B and A,0,0,0,0
69537,2000034,31216,B&D Thermo-Treated Lumber LLC,0,0,0,0
69507,2000035,30736,Babb Lumber Company GA,0,0,0,0
69509,2000036,47591,Babb Lumber Company IN,0,0,0,0
69520,2000037,33487,Bambrella USA,0,0,0,0
70939,2000038,40004,Bardstown KY,0,0,0,0
70244,2000039,29812,Kronotex - Barnwell SC,0,0,0,0
70965,2000040,60638,Bedford Park warehouse,0,0,0,0
70437,2000041,93606,"Biola, CA",0,0,0,0
70439,2000042,41051,Blue Linx Logistics Greater Cincinnati Northern Kentucky Logistics Center,0,0,0,0
70441,2000043,64116,"Blue Linx Logistics Kansas City, MO Logistics Center",0,0,0,0
70443,2000044,32097,"Blue Linx Logistics Yulee, Florida Logistics Center",0,0,0,0
69571,2000045,528208,Blue Sky,0,0,0,0
69541,2000046,214235,"BODA BAMBOO AND WOOD INDUSTRIAL CO., LTD",0,0,0,0
69547,2000047,G4X2M1,Boiseries Wakeham,0,0,0,0
69552,2000048,0,Bond It,0,0,0,0
69566,2000049,37918,Braxton-Bragg,0,0,0,0
70656,2000050,0,Bremerhaven - Pollmeier Leimholz GMBH,0,0,0,0
70717,2000051,0,Brescia,0,0,0,0
69575,2000052,0,Build World Inc,0,0,0,0
69582,2000053,20085,BURAKHAN,0,0,0,0
69921,2000054,V5G1B2,Burnaby,0,0,0,0
69587,2000055,V2W1B6,BW CREATIVE RAILINGS (RailSimple),0,0,0,0
69597,2000056,95965,Cal-Flor,0,0,0,0
69589,2000057,N3H2H7,Cambridge,0,0,0,0
69607,2000058,83333,Carbonic Heat Tech Center,0,0,0,0
70519,2000059,77020,Cargo Ways,0,0,0,0
69612,2000060,28704,Carolina Colortones NC,0,0,0,0
69602,2000061,29643,Carolina Stone Seneca SC,0,0,0,0
70403,2000062,90745,Carson (Mono Serra Group),0,0,0,0
69617,2000063,200032,CCST LTD,0,0,0,0
69622,2000064,95023,"Cedar Valley Mfg, Inc.",0,0,0,0
70445,2000065,60431,CeilingKwik,0,0,0,0
70014,2000066,0,Chennai,0,0,0,0
69445,2000067,63005,Chesterfield,0,0,0,0
70379,2000068,60185,"Chicago, IL",0,0,0,0
71019,2000069,V2R4H5,Chilliwack,0,0,0,0
69630,2000070,314000,ChinaFloors - Shanghai,0,0,0,0
69632,2000071,0,Chinafloors Timber (China) Co. Ltd,0,0,0,0
70771,2000072,50000,Chinatop LiYang Carpet Branch Factory,0,0,0,0
69809,2000073,91748,Fortune - City of Industry,0,0,0,0
70236,2000074,16254,Clarion Warehouse,0,0,0,0
69653,2000075,98032,"Classic Accessories, Inc.",0,0,0,0
69648,2000076,N9Y1N5,Classy Caps Mfg. Inc.,0,0,0,0
69660,2000077,91748,Colosseum Cabinetry,0,0,0,0
69637,2000078,0,Connections Flooring Co.,0,0,0,0
69665,2000079,40026,COOPERATIVA CERAMICA D'IMOLA,0,0,0,0
69674,2000080,7080,CORKART,0,0,0,0
70337,2000081,97330,Corvallis,0,0,0,0
69692,2000082,76033,Creative Crown Warehouse - TX,0,0,0,0
69685,2000083,L4B1J5,Creative Style Composites,0,0,0,0
69934,2000084,38555,Crossville,0,0,0,0
69763,2000085,116002,Dalian Jiuyuan Wood Industry Co. Ltd.,0,0,0,0
69699,2000086,18109,Daltile - Allentown PA,0,0,0,0
69701,2000087,92806,Daltile - Anaheim CA,0,0,0,0
69703,2000088,76014,Daltile - Arlington TX,0,0,0,0
69705,2000089,60440,Daltile - Bolingbrook IL,0,0,0,0
69707,2000090,11232,Daltile - Brooklyn NY,0,0,0,0
69709,2000091,80021,Daltile - Broomfeild CO,0,0,0,0
69711,2000092,T2G4N4,Daltile - Calgary AB,0,0,0,0
69713,2000093,60007,Daltile - Chicago IL,0,0,0,0
69715,2000094,8512,Daltile - Cranbury NJ,0,0,0,0
69717,2000095,80223,Daltile - Denver CO,0,0,0,0
69719,2000096,30097,Daltile - Duluth GA,0,0,0,0
69721,2000097,21784,Daltile - Eldersburg MD,0,0,0,0
69723,2000098,33912,Daltile - Fort Myers FL,0,0,0,0
69725,2000099,32256,Daltile - Jacksonville FL,0,0,0,0
69727,2000100,33172,Daltile - Miami FL,0,0,0,0
69729,2000101,91761,Daltile - Ontario CA,0,0,0,0
69731,2000102,32808,Daltile - Orlando FL,0,0,0,0
69733,2000103,33023,Daltile - Pembroke Park FL,0,0,0,0
69735,2000104,19146,Daltile - Philadelphia PA,0,0,0,0
69737,2000105,85034,Daltile - Phoenix AZ,0,0,0,0
69739,2000106,78216,Daltile - San Antonio TX,0,0,0,0
69741,2000107,92111,Daltile - San Diego CA,0,0,0,0
69743,2000108,95131,Daltile - San Jose CA,0,0,0,0
69745,2000109,98108,Daltile - Seattle WA,0,0,0,0
69747,2000110,77386,Daltile - Spring TX,0,0,0,0
69749,2000111,63146,Daltile - St. Louis MO,0,0,0,0
69751,2000112,75182,Daltile - Sunnyvale TX,0,0,0,0
69753,2000113,33634,Daltile - Tampa FL,0,0,0,0
69755,2000114,L4K5M8,Daltile - Toronto ON,0,0,0,0
69757,2000115,91405,Daltile - Van Nuys CA,0,0,0,0
69759,2000116,V5M4H4,Daltile - Vancouver BC,0,0,0,0
70238,2000117,30721,Dalton - Main Warehouse,0,0,0,0
69768,2000118,L5N2W3,Danfoss ON,0,0,0,0
69770,2000119,37357,Danfoss TN,0,0,0,0
69774,2000120,91767,Dekorman-LA,0,0,0,0
70548,2000121,0,Denizli,0,0,0,0
69783,2000122,19034,DESIGN SQUARE GMC SPA,0,0,0,0
70447,2000123,94545,Desoto Sales,0,0,0,0
70047,2000124,80301,"Devcom MFG, LLC - CO Location",0,0,0,0
70049,2000125,18045,"Devcom MFG, LLC - PA Location",0,0,0,0
69788,2000126,30720,DeZign North America LLC,0,0,0,0
69797,2000127,10315,DIN d.o.o,0,0,0,0
69792,2000128,V1E4S1,DinoFlex Group LP,0,0,0,0
69804,2000129,8085,Diversified Industries,0,0,0,0
69811,2000130,7012,Dritac Flooring Products LLC,0,0,0,0
69913,2000131,20166,Dulles,0,0,0,0
69817,2000132,30755,Dural USA,0,0,0,0
69942,2000137,43064,Eagle Warehouse,0,0,0,0
69832,2000138,91745,Easoon USA - CA,0,0,0,0
69834,2000139,30336,Easoon USA - GA,0,0,0,0
69836,2000140,0,Easoon USA - NJ,0,0,0,0
69838,2000141,97230,Easoon USA - OR,0,0,0,0
70646,2000142,17316,"East Berlin, PA",0,0,0,0
71083,2000143,8816,East Brunswick NJ,0,0,0,0
69854,2000144,19030,East Teak PA - Fairless Hills,0,0,0,0
69856,2000145,29638,East Teak SC,0,0,0,0
69860,2000146,91739,Eco Element,0,0,0,0
69862,2000147,75050,Eco Element  - Grand Prairie,0,0,0,0
69864,2000148,91764,Eco Element - Ontario - CA,0,0,0,0
69866,2000149,75050,Eco Element - TX,0,0,0,0
69453,2000150,91748,ECOfusion dba HF International Group,0,0,0,0
69874,2000151,92618,Eeetrading International Inc,0,0,0,0
69878,2000152,0,Ekowood International Berhad,0,0,0,0
70883,2000153,91731,El Monte,1,2000505,0,
70042,2000154,91731,El Monte Greenfield,0,0,0,0
69883,2000155,94545,Eleganza Oakland,0,0,0,0
69885,2000156,92806,Eleganza Tiles CA,1,2000505,0,
69887,2000157,94545,Eleganza Tiles- Hayward CA,0,0,0,0
69889,2000158,60007,Eleganza Tiles IL,1,2000514,0,
69891,2000159,8817,Eleganza Tiles NJ,1,2000507,0,
69893,2000160,75234,Eleganza Tiles TX,1,2000819,0,
69840,2000161,35405,Elof Hansson - AL,0,0,0,0
69905,2000162,27320,Elof Hansson NC,0,0,0,0
71073,2000163,0,Emil Ceramica SpA,0,0,0,0
69936,2000164,60143,Eurowest Transceramica IL,0,0,0,0
70449,2000165,45014,"Fairfiled, Ohio",0,0,0,0
69950,2000166,36551,Far East American,0,0,0,0
69954,2000167,V6X2P9,Fenghe International Trading Ltd,0,0,0,0
69972,2000168,42019,Floover World Factory Bosco di Scandiano,0,0,0,0
69974,2000169,0,Floover World Factory Muestair,0,0,0,0
69976,2000170,8770,Floover World SL,0,0,0,0
69985,2000171,30701,Foam Products Corporation,0,0,0,0
70275,2000172,92337,Fontana,0,0,0,0
69989,2000173,90745,Fortune - Carson CA,0,0,0,0
69991,2000175,29410,Fortune - Hanahan SC,0,0,0,0
69993,2000176,77020,Fortune - Houston,0,0,0,0
70068,2000178,0,Foshan,0,0,0,0
70167,2000179,528061,Foshan - Main Office,0,0,0,0
69895,2000180,528133,Foshan City,0,0,0,0
70185,2000181,528200,"Foshan Jiabang Garden Supplies Co.,Ltd",0,0,0,0
70696,2000182,7033,Fox Intermodal Corporation,0,0,0,0
70776,2000183,11520,"Freeport, NY",0,0,0,0
70001,2000184,54476,From the Forest - WI,0,0,0,0
69513,2000185,353600,"Fujian Wonderful Bamboo & Wood Craft Industry Co., Ltd.",0,0,0,0
69515,2000186,0,Fuzhou,0,0,0,0
70922,2000187,L4B1K2,Garson,0,0,0,0
69447,2000188,63141,GFH Enterprises dba Anji Mountain,0,0,0,0
70023,2000189,V6V 2M3,GL Stone,0,0,0,0
70038,2000190,L5W1Y5,Gracious Living Innovations Inc.,0,0,0,0
71372,2000192,511356,"Guangzhou Kindwood Co., Ltd",0,0,0,0
70064,2000193,77063,"GulfCoast ard,inc",0,0,0,0
70075,2000194,6850,Halstead CT,0,0,0,0
70077,2000195,31326,Halstead GA,0,0,0,0
69978,2000196,0,Hamburg,0,0,0,0
70087,2000197,8872,HAWA Bamboo Flooring Trading Corp.,0,0,0,0
70451,2000198,27260,"High Point, NC",0,0,0,0
70095,2000199,91744,"HomeFloorMax,Baldwin Park, CA",0,0,0,0
70097,2000200,91731,"HomeFloorMax,El Monte, CA",0,0,0,0
70099,2000201,12586,HomeFloorMax Walden NY,0,0,0,0
71374,2000202,510095,"Homewell Wood Industry Co., Ltd",0,0,0,0
70591,2000203,77020,Hydropool Inc,0,0,0,0
70117,2000204,L5T2L6,Hyxion-LA,0,0,0,0
70173,2000205,19126,Port of La Spezia,0,0,0,0
70126,2000206,90660,Ideal Tile Pico Rivera,0,0,0,0
70405,2000207,46268,Indianapolis (Mono Serra Group),0,0,0,0
69813,2000208,91744,iNet Flooring,0,0,0,0
70137,2000209,66215,Innodeck,0,0,0,0
70144,2000210,72715,InstaFloor Bella Vista,0,0,0,0
70148,2000211,V3M6K7,International Wood Floors Naturally Inc.,0,0,0,0
70381,2000212,92614,Irvine,0,0,0,0
69938,2000213,60143,Itasca - Eurowest,0,0,0,0
70885,2000214,8816,J and S Warehouse - East Brunswick,0,0,0,0
70383,2000215,32206,"Jacksonville, LD",0,0,0,0
70672,2000216,13078,JamesVille Warehouse,0,0,0,0
70179,2000217,91761,Jeco Inc.,0,0,0,0
69386,2000218,224244,Jiangsu Smart Furniture Co. Ltd,0,0,0,0
70852,2000219,222200,"Jiangsu Weiling Furniture CO.,LTD",0,0,0,0
69778,2000220,213100,Jiangsu Zhongxin Desai Wood Product Co,0,0,0,0
71376,2000221,51644,Jiann Shang,0,0,0,0
70390,2000222,314000,"Jiaxing Mindo Outdoor Products Co., Ltd",0,0,0,0
70200,2000223,311301,Jinlei,0,0,0,0
70187,2000224,341000,"Jinping Mid-Road, Huangjin Development Zone",0,0,0,0
70208,2000225,30724,Innovastep GA,0,0,0,0
70210,2000226,21014,Innovastep MD,0,0,0,0
70215,2000227,0,KALESERAMIK CANAKKALE KALEBODUR SERAMIK SAN,0,0,0,0
70227,2000228,84,"Kim My Tuyen Co., Ltd",0,0,0,0
70941,2000229,N2P2T5,Kitchener ON,0,0,0,0
70231,2000230,V0G2G0,Kootenay Innovative Wood Ltd.,0,0,0,0
69995,2000231,60446,Kress - Chicago,0,0,0,0
69997,2000232,91731,Kress - El Monte,0,0,0,0
70246,2000234,29829,Kronotex - Graniteville SC,0,0,0,0
70248,2000235,91761,Kronotex - Ontario CA,0,0,0,0
70250,2000236,77029,Barnwell - Houston,0,0,0,0
70277,2000238,18936,Lansdale,0,0,0,0
70262,2000239,11788,LB International,0,0,0,0
70741,2000240,0,Leixoes,0,0,0,0
70304,2000241,91710,Linco - Ontario,1,2000505,0,
70306,2000242,91730,Linco - Rancho Cucamonga,0,0,0,0
70300,2000243,317000,"Linhai L&T Fiberglass Manufacturing Co.,Ltd",0,0,0,0
70279,2000244,19440,Linka Building Supplies,0,0,0,0
70281,2000245,60119,Linka Building Supplies IL,0,0,0,0
70283,2000246,19154,"Linka Building Supplies Philadelphia, PA",0,0,0,0
70285,2000247,0,Linka China,0,0,0,0
70287,2000248,91803,Linka-WMG CA,0,0,0,0
70314,2000249,91710,Longterm Global Inc.,0,0,0,0
70320,2000250,V3W0R6,"Lucas BBQ Co., Ltd - Grilltown",0,0,0,0
70478,2000251,24963,M Rock,0,0,0,0
70324,2000252,0,Madeplast - Parana,0,0,0,0
70331,2000253,315040,MAGarden,0,0,0,0
71045,2000254,0,Makassar,0,0,0,0
70357,2000255,22031,Marble Systems_Fairfax,0,0,0,0
70349,2000256,90640,Marmoles CA Location,0,0,0,0
70351,2000257,27290,Marmoles El Paso SA DE  CV,0,0,0,0
70353,2000258,78230,Marmoles TX Location,0,0,0,0
70339,2000260,98563,Marys River Montesano,0,0,0,0
70363,2000261,15431,Mason's Mark Stone Veneer Corp.,0,0,0,0
70368,2000262,56362,Master Mark Plastics,0,0,0,0
70372,2000263,314022,"Max Lifestyle Co., Limited",0,0,0,0
70119,2000264,44601,Mayne - Alliance,0,0,0,0
70121,2000265,0,Mayne - London,0,0,0,0
70453,2000266,45891,MCR,0,0,0,0
70385,2000267,0,Mekmer,0,0,0,0
69842,2000268,36571,Merchants Transfer,0,0,0,0
70537,2000269,211212,MGM Flooring,0,0,0,0
70943,2000270,49504,Michigan,0,0,0,0
70525,2000271,37029,Middle Tennessee Lumber TN,1,2000511,0,
69980,2000272,48876,Midwest Cushion Brokers,0,0,0,0
70799,2000273,8332,Millville,0,0,0,0
70395,2000274,55113,Moldings Online-MN,0,0,0,0
70399,2000275,30354,Momeni Distribution Center,0,0,0,0
70407,2000276,90745,Mono Serra CA,0,0,0,0
70409,2000277,33182,Mono Serra FL,0,0,0,0
70411,2000278,H9B2P5,Mono Serra Group Bamboo Montreal,0,0,0,0
70413,2000279,27405,Mono Serra NC,0,0,0,0
70415,2000280,7114,Mono Serra NJ,0,0,0,0
70455,2000282,30043,MP Global,0,0,0,0
70457,2000283,68702,MP Global - NE,0,0,0,0
70459,2000284,45891,MP Global - OH,0,0,0,0
70461,2000285,7012,MP Global - VersaStick,0,0,0,0
70463,2000286,7876,MP Global Products,0,0,0,0
70484,2000287,85043,"MSI, Arizona, AZ",0,0,0,0
70486,2000288,30168,"MSI, Austell, GA",1,2000511,0,
70488,2000289,2184,"MSI, Braintree, MA",0,0,0,0
70490,2000290,75234,"MSI, Dallas, TX",0,0,0,0
70492,2000291,33442,"MSI, Deerfield, FL",0,0,0,0
70494,2000292,8817,"MSI, Edison, NJ",1,2000507,0,
70496,2000293,60007,"MSI, Elk Grove Village, IL",1,2000514,0,
70498,2000294,75234,"MSI, Farmers Branch, TX",1,2000819,0,
70500,2000295,94541,"MSI, Hayward, CA",0,0,0,0
70502,2000296,77039,"MSI, Houston, TX",0,0,0,0
70504,2000297,20794,"MSI, Jessup, MD",0,0,0,0
70506,2000298,92865,"MSI, Orange, CA",1,2000505,0,
70508,2000299,33442,"MSI, Pompano Beach, FL",0,0,0,0
70510,2000300,98108,"MSI, Seattle, WA",0,0,0,0
70521,2000301,122001,MStone India,0,0,0,0
70529,2000302,157013,MUDANJIANG BOSEN COMPANY OF WOOD,0,0,0,0
70533,2000303,37601,Mullican Flooring-TN,0,0,0,0
70736,2000304,0,Mumbai or Nhava Sheva,0,0,0,0
71037,2000305,362300,"Nanan - XIAMEN RISING STONE CO.,LTD",0,0,0,0
70976,2000306,97070,Wilsonville OR,0,0,0,0
70575,2000307,211212,Nanjing MGM New Materials Co. Ltd,0,0,0,0
70541,2000308,68701,Natural Concrete Products Co,0,0,0,0
70560,2000309,514002,Natural Stonage PVT. LTD,0,0,0,0
70567,2000310,77047,Naturesort,0,0,0,0
70571,2000311,30720,Neo-Turf,0,0,0,0
70101,2000312,91764,New Harbors - Ontario CA,0,0,0,0
70577,2000314,32224,New Spring Flooring,0,0,0,0
70417,2000315,7114,Newark (Mono Serra Group),0,0,0,0
70585,2000316,28716,Newfound Mountain - NC,0,0,0,0
70593,2000317,0,NewTech/New Group Asia,0,0,0,0
70595,2000318,77020,Newtechwood LTD. Houston,0,0,0,0
70599,2000319,80239,NextStone,0,0,0,0
70034,2000320,0,Port of Shenzhen,0,0,0,0
70601,2000321,0,NextStone Yantian,0,0,0,0
70612,2000322,60563,Norandex Naperville IL - david.bazant,0,0,0,0
70614,2000323,12205,Norandex Albany NY - russ.kershaw,0,0,0,0
69923,2000324,23502,Norfolk,0,0,0,0
70465,2000325,68701,"Norfolk, NE",0,0,0,0
70758,2000326,0,North India - Mumbai - Senna International Inc,0,0,0,0
70607,2000327,V5H1Y7,North Mitchell Lumber,0,0,0,0
70698,2000328,90745,Nova Container Freight Station,0,0,0,0
70622,2000329,16845,Nydree Flooring S1,0,0,0,0
70626,2000330,100029,Oak Bay Limited Beijing,0,0,0,0
70628,2000331,0,Oak Bay Limited Dalian,0,0,0,0
69844,2000332,30336,OneStep Logistics,0,0,0,0
69846,2000333,91745,"OneStep Logistics, CA",0,0,0,0
69848,2000334,8110,"OneStep Logistics, NJ",0,0,0,0
70103,2000335,91764,Ontario CA,0,0,0,0
69915,2000336,32808,Orlando,0,0,0,0
70634,2000337,V2A6P6,Outdoor Living Manufacturing - Penticton,0,0,0,0
70639,2000338,V3C6R8,Panasphere POCO,0,0,0,0
70641,2000339,V5J3J1,Panasphere Premium Surfaces Canada Inc. - Burnaby,0,0,0,0
70903,2000340,28273,Pavestone Co.,0,0,0,0
70155,2000341,8110,"Pennsauken, NJ",0,0,0,0
71378,2000342,511495,Phomi,0,0,0,0
70658,2000343,33397,Pollmeier Leimholz GMBH,0,0,0,0
70254,2000344,0,Port of Antwerpen,0,0,0,0
70175,2000345,0,Port of Barcelona,0,0,0,0
70196,2000346,0,Port of Callao,0,0,0,0
70562,2000347,0,Port of Chennai,0,0,0,0
71380,2000348,0,Port of Dalian,0,0,0,0
71382,2000349,0,Port of Fangyuan,0,0,0,0
70310,2000350,0,Port of Gaosha,0,0,0,0
70059,2000351,0,Port of Gemlik,0,0,0,0
71384,2000352,0,Port of Guangzhou,0,0,0,0
70070,2000353,0,Port of Huangpu,0,0,0,0
69561,2000354,35000,Port of Izmir,0,0,0,0
70760,2000355,0,Port of Jiujiang,0,0,0,0
71386,2000356,0,"Port of Jiujiangi,Forshan",0,0,0,0
70113,2000357,0,"Port of Lanshi,Forshan",0,0,0,0
69676,2000358,0,Port of Lisbon,0,0,0,0
71085,2000359,0,Port of Modena Italy,0,0,0,0
70221,2000360,0,Port of Nanchang,0,0,0,0
71388,2000361,0,Port of Nansha - Group A: Sanshui,0,0,0,0
69897,2000362,0,Port of Nansha - Group B: Qing Yuan,0,0,0,0
70782,2000363,0,Port of Ningbo,0,0,0,0
69899,2000364,0,Port of Qing Dao - Group C: Qing Dao,0,0,0,0
71087,2000365,0,Port of Qingdao China,0,0,0,0
70083,2000366,0,Port of Rio De Janeiro,0,0,0,0
70256,2000367,0,Port of Rotterdam,0,0,0,0
69901,2000368,0,"Port of Sanshuii,Forshan",0,0,0,0
69639,2000369,0,Port of Shanghai,0,0,0,0
70662,2000370,0,Port of Dongyang,0,0,0,0
70169,2000371,0,Port of Shekou,0,0,0,0
69963,2000373,0,Port of Surabaya,0,0,0,0
70029,2000374,0,Port of Xiamen,0,0,0,0
71390,2000375,300450,Port of Tianjin,0,0,0,0
69528,2000376,0,Port of Xingang,0,0,0,0
69687,2000377,0,Port of Yantian,0,0,0,0
69410,2000378,0,Port of ZhaoQing,0,0,0,0
70652,2000379,J6Y1W5,Power Dekor NA,0,0,0,0
69412,2000380,27320,Premiere Finishing VA,0,0,0,0
70700,2000381,29410,Premiere Logistics Solutions,0,0,0,0
70676,2000382,85000,Proges & Co,0,0,0,0
70581,2000383,0,"Qingyuan South Building Material And Sanitary Ware Co., Ltd.",0,0,0,0
70905,2000384,95828,Quikrete Co.,0,0,0,0
69868,2000385,91739,Rancho Cucamonga,0,0,0,0
69643,2000386,213103,RC Vinyl Warehouse,0,0,0,0
70680,2000387,J4B5S7,RCR International inc.,0,0,0,0
70289,2000388,89431,Reno,0,0,0,0
70684,2000389,92627,Resinart Corporation,0,0,0,0
69850,2000390,7726,REX Lumber - NJ,0,0,0,0
70688,2000391,33122,Ribadao ? Neutralogistics - FL,0,0,0,0
70690,2000392,7032,Ribadao ? GNC - NJ,0,0,0,0
69956,2000393,V6X2P9,Richmond Flooring,0,0,0,0
69958,2000394,V6X2P9,Richmond Moldings,0,0,0,0
69965,2000395,V7C4N1,Richmond Sample Warehouse,0,0,0,0
69591,2000396,46803,Ridge - Fort Wayne,0,0,0,0
70709,2000397,302013,RSG Exports Jaipur,0,0,0,0
70711,2000398,0,RSG Exports Mundra,0,0,0,0
70419,2000399,94080,S. San Francisco (Mono Serra Group),0,0,0,0
70157,2000400,95827,"Sacramento, CA",0,0,0,0
70159,2000401,94577,"San Leandro, CA",0,0,0,0
70556,2000402,90670,Santa Fe Springs Warehouse,0,0,0,0
70728,2000403,0,Santafe Barranquilla,0,0,0,0
70730,2000404,33178,"Santafe, FL",0,0,0,0
69967,2000405,0,Santos Brazil,0,0,0,0
70788,2000406,41042,Savoia Italia,0,0,0,0
70743,2000407,0,Sedacor Sociedada Exportadora Artigor Cortica LDA.,0,0,0,0
70747,2000408,90746,Sefastone Carson CA,0,0,0,0
70749,2000409,33009,Sefastone Hallandale FL,0,0,0,0
71392,2000410,510545,Selidstone Guangzhou,0,0,0,0
71394,2000411,0,Senna International,0,0,0,0
70762,2000412,V6V1K9,Senna International Inc-Richmond,0,0,0,0
70764,2000413,V5X4E6,Senna International Inc,0,0,0,0
71059,2000414,0,"Shanghai - Z-GIANT STRON BAMBOO FLOORING CO.,LTD",0,0,0,0
69462,2000415,200431,"Shanghai Ape Stone Co., Ltd",0,0,0,0
70971,2000416,264200,Shanhua carpet Warehouse,0,0,0,0
69822,2000417,30236,Shippers Warehouse,0,0,0,0
70467,2000418,17557,Sindall Warehouse,0,0,0,0
70784,2000419,315000,Sinochem Ningbo Ltd,0,0,0,0
70766,2000420,0,South India - Chennai - Senna International Inc,0,0,0,0
70130,2000421,0,South Indian Port of Tuticorin,0,0,0,0
70967,2000422,65775,South Mountain Factory,0,0,0,0
70291,2000423,7080,South Plainfield,0,0,0,0
70803,2000424,V3S1X7,Springline Design,0,0,0,0
70807,2000425,22191,WOW USA INC,0,0,0,0
70889,2000426,0,SSWP-GEO,0,0,0,0
70812,2000427,V0M1H0,Stave Lake Cedar Mills,0,0,0,0
70817,2000428,60638,Step Protect PLUS,0,0,0,0
70821,2000429,92805,Stonex Tile CA,0,0,0,0
70823,2000430,92805,Stonex Tile Anaheim,0,0,0,0
70834,2000431,94565,Sunco - Flooring Resources,0,0,0,0
70019,2000432,90039,Sunland Chemicals,0,0,0,0
70838,2000433,V2Z2K5,SURREY CEDAR LTD,0,0,0,0
70792,2000434,3.03E+06,SWI - China,0,0,0,0
70794,2000435,65031,SWI - Ukraine,0,0,0,0
70842,2000436,33660,Syno Mat Warehouse,0,0,0,0
70293,2000437,33610,Tampa,0,0,0,0
70846,2000438,V4N4M8,Teal Jones,0,0,0,0
70862,2000439,23320,Terra Verde Supply Corp.,0,0,0,0
70854,2000440,222206,"Terrace Living Company, LLC",0,0,0,0
70856,2000441,92584,"Terrace Living Company, LLC, CA",0,0,0,0
70858,2000442,0,"Terrace Living Company, LLC Ningbo",0,0,0,0
70105,2000443,20794,The Terminal Corporation - MD,0,0,0,0
70870,2000444,E2A4W7,Thermal Wood Canada,0,0,0,0
70866,2000445,21300,Timefloor Direct China,0,0,0,0
70778,2000446,77043,Timefloor Direct Houston,0,0,0,0
70876,2000451,L5S1Y6,Torlys Inc.,0,0,0,0
70878,2000452,V3M6G4,Torlys Inc. DELTA,0,0,0,0
70895,2000453,20085,TUMAS MERMER SANAYI VE TICARET A.S. DENIZLI,0,0,0,0
70897,2000454,20085,TUMAS MERMER SANAYI VE TICARET A.S. IZMIR,0,0,0,0
70107,2000455,30701,United World Logistics,0,0,0,0
69925,2000456,90703,USCO Cerritos,0,0,0,0
69927,2000457,89502,USCO Reno,0,0,0,0
71396,2000458,V5G1B2,Vancouver - Euro Ceramic Tile ,0,0,0,0
70722,2000459,85260,Vapamore,0,0,0,0
70907,2000460,75069,Veneer Stone,0,0,0,0
70344,2000461,0,Venezia,0,0,0,0
70912,2000462,K8N5R9,Venture Belletile Inc.,0,0,0,0
70918,2000463,27537,Versatrim,0,0,0,0
70469,2000464,45241,Verst Group,0,0,0,0
70926,2000465,V4G1C1,Vicwest - BC,0,0,0,0
70928,2000466,N5A6S4,Vicwest - ON,0,0,0,0
70930,2000467,G6T1S7,Vicwest - QC,0,0,0,0
70932,2000468,S7P0B6,Vicwest - SK,0,0,0,0
70945,2000469,0,VINASTONE LIMITED,0,0,0,0
70954,2000470,2645,Wash Safe US,0,0,0,0
70959,2000471,V2W1L1,Watkins - Maple Ridge,0,0,0,0
70987,2000472,91761,Well Traveled Living,0,0,0,0
70978,2000473,30349,Wellmade GA Old,0,0,0,0
70980,2000474,97070,Wellmade OR,0,0,0,0
70992,2000475,6763,Wellspring Systems Warehouse,0,0,0,0
70996,2000476,54667,Westby (Lacrosse) Hardwood Products,0,0,0,0
70512,2000477,77039,"WGAP, MSI, Houston TX",0,0,0,0
71000,2000478,J0C1S0,Wickham - Quebec,0,0,0,0
71002,2000480,84123,Wood Floor Warehouse,0,0,0,0
71021,2000481,V2R4H5,Woodtone - Chilliwack,0,0,0,0
71023,2000482,98204,Woodtone - Everett,0,0,0,0
69828,2000483,88460,World Trend Garden Furniture Sdn Bhd,0,0,0,0
71027,2000484,214200,"Wuxi Linjie Bamboo & Wood Products Co., Ltd.",0,0,0,0
70191,2000485,0,"Wuxi, Jiangsu, China",0,0,0,0
71047,2000486,361000,Xiamen Fortune Ironware Warehouse,0,0,0,0
71039,2000487,362300,Xiamen Rising Stone Co. LTD,0,0,0,0
71033,2000488,36110,Xiamen Yinlian,0,0,0,0
70163,2000489,0,Yanghai Nanchang,0,0,0,0
71051,2000490,401121,YFBACN,0,0,0,0
71055,2000491,214231,Yixing Dongma Bamboo & Wood Industry Co. Ltd.,0,0,0,0
70947,2000492,44502,Youngstown OH,0,0,0,0
71061,2000493,313300,"Z-GIANT STRON BAMBOO FLOORING CO.,LTD",0,0,0,0
70471,2000494,311301,"Zhejiang Jinlei Window Industry Co.,Ltd",0,0,0,0
69487,2000495,314100,"Zhejiang Yuhua Timber / A-Timber Trading Co., Ltd.",0,0,0,0
71066,2000496,528462,Zhongshan Huayu Outdoor Leisure Furniture Mfg Ltd,0,0,0,0
71079,2000497,7072,Carlstadt NJ,0,0,0,0
71398,2000498,91706,"HomeFloorMax, Irwindale, CA",0,0,0,0
71157,2000499,7201,"Kress, Elizabeth, NJ",0,0,0,0
70982,2000500,211316,Nanjing,0,0,0,0
70514,2000501,60007,MS International - Illinois,0,0,0,0
69467,2000515,0,Papagaio,0,0,0,0
69524,2000516,75247,Bamking - Dallas,0,0,0,0
69667,2000517,60603,"Cooperativa Ceramica D Imola, NORTH AMERICA",0,0,0,0
69680,2000518,V9Y1A1,Coulson Manufacturing,0,0,0,0
70091,2000519,12085,Holbrook Lumber Co.,0,0,0,0
70204,2000520,91748,Johnsons,0,0,0,0
70704,2000521,V4W2Z6,Rocky Mountain Stone Works,0,0,0,0
70828,2000522,317000,South Factory,0,0,0,0
71400,2000523,528325,TechDeal,0,0,0,0
71097,2000524,L4K2N2,New Concept Quality Doors - Plant 3,0,0,0,0
70664,2000526,H9R3S3,Power Dekor,0,0,0,0
70359,2000527,7072,Marble Systems Carlstadt NJ,0,0,0,0
70543,2000528,85043,Natural Concrete Products AZ,0,0,0,0
69824,2000529,92376,Durabuilt California,0,0,0,0
69449,2000530,63146,ANJI MOUNTAIN OFFICES AND WAREHOUSE,0,0,0,0
71092,2000531,V6V1K4,BuildDirect,0,0,0,0
71206,2000532,92801,"Stone Pride International, Corp.",1,2000505,0,
71189,2000533,32200,Timberwise Oy,0,0,0,0
71191,2000534,0,Port of Vuosaari - Helsinki,0,0,0,0
71195,2000535,l3r2p6,Foam Solutions Inc.,0,0,0,0
71202,2000536,V3C6N6,GH HOLLOW METAL DOORS & FRAMES INDUSTRIES CORP,0,0,0,0
71402,2000537,92649,TechDeal Huntington Beach CA,0,0,0,0
71212,2000539,24112,"Pedross America, LLC at SFC",0,0,0,0
71216,2000540,30336,Surface Source USA INC,0,0,0,0
71224,2000541,98030,Prime Supply Kent,0,0,0,0
69483,2000542,91748,ASC International City of Industry,0,0,0,0
71220,2000543,0,Fengnan Industrial zone,0,0,0,0
70217,2000547,0,Port of Istanbul,0,0,0,0
71228,2000548,21076,MMG Marble MD,0,0,0,0
71233,2000549,511486,Loyal Wrought Iron Co.Ltd,0,0,0,0
71241,2000550,V6Y1R7,1996 Cabinets Ltd - Richmond,0,0,0,0
71237,2000551,528311,Foshan Shunde Ciao,0,0,0,0
69669,2000552,46214,Venture Warehouse & Distribution c/o IMOLA,0,0,0,0
71246,2000553,L5T 2T6,Green World Lumber - ON,0,0,0,0
71248,2000554,L5T 2T6,Agility logistics,0,0,0,0
71253,2000555,0,Kusgolu Mermer,0,0,0,0
71257,2000556,92806,Best Cheer Stone Inc,1,2000505,0,
71261,2000557,97062,Select Timber Products,0,0,0,0
93013,2000559,30728,Gala Warehouse GA,0,0,0,0
93015,2000560,98188,Gala Warehouse WA,0,0,0,0
93614,2000561,91731,Eco Floor Direct,1,2000505,0,
93696,2000562,33122,Kertiles LLC,0,0,0,0
93707,2000563,91710,Hyxion metal industry,1,2000505,0,
93727,2000564,45652,Taylor Lumber Worlwide Inc.,0,0,0,0
93766,2000565,75141,HF Design LLC  - TX,0,0,0,0
93785,2000566,60638,Chicago,0,0,0,0
93798,2000567,362343,"Xiamen Wanfu Trade Co.,Ltd.",0,0,0,0
93825,2000568,32600,BRICKLAND s.r.o.,0,0,0,0
94231,2000569,23320,Armstrong Laminate VA,1,2000507,1,
94869,2000570,91748,Sunvilla ,0,0,0,0
94895,2000571,215616,"Hangzhou Hanhent Trading Co., Ltd",0,0,0,0
94994,2000572,28301,Union Corrugating Company,0,0,0,0
94997,2000573,314415,Jianshan pvc flooring warehouse,0,0,0,0
95001,2000574,119027,Sales Management LLP,0,0,0,0
95005,2000575,54303,Woodport Doors LLC,0,0,0,0
95008,2000576,84037,NW Artisan Hardware,0,0,0,0
95012,2000577,0,China Jiangsu Int'l,0,0,0,0
95016,2000578,213141,"Chnagzhou Wellife Furnace Co., Ltd",0,0,0,0
95020,2000579,0,W&E International LLC,0,0,0,0
95024,2000580,361000,"StoneGroupon (Xiamen) Import & Export Co., Ltd ",0,0,0,0
95032,2000581,304804,GSA Trade,0,0,0,0
95035,2000582,74200,East Luxury Group Limited,0,0,0,0
95039,2000583,361000,"Xiamen Deyuan Panmin Trading Co., Ltd",0,0,0,0
95093,2000584,38241,Kahrs Group,0,0,0,0
95096,2000585,0,"Trieu Viet Co., Ltd",0,0,0,0
95100,2000586,35170,Alimoglu Mermer Granit Sanayi Ve Ticaret A.S,0,0,0,0
95103,2000587,85072,Sonat Strobl Gmbh & Co.Kg,0,0,0,0
95106,2000588,313300,"Anji Jianuo Plastic Technology Co.,Ltd",0,0,0,0
95109,2000589,24072,Foss-Co. Warehouse,0,0,0,0
95162,2000590,V6X1X6,Fenghe International Trading Ltd (A-Group Cargo),0,0,0,0
95166,2000591,60143,IRIS US ,0,0,0,0
95177,2000592,L5T2B7,Fenghe International Trading Ltd. Ontario,0,0,0,0
95195,2000593,30331,Sunvilla Atlanta ,0,0,0,0
95197,2000594,V3M5P3,Kraus Flooring ,0,0,0,0
95409,2000595,30093,Norandex Atlanta GA - marv.lawrence,0,0,0,0
95411,2000596,45424,Norandex Dayton OH - Bryan.Clear,0,0,0,0
95413,2000597,80216,Norandex Denver CO,0,0,0,0
95415,2000598,75041,Norandex Garland TX - Rob.Welch,0,0,0,0
95417,2000599,38118,Norandex Memphis TN - Mark.Tigner,0,0,0,0
95419,2000600,23502,Norandex Norfolk VA - John.Hurd,0,0,0,0
95421,2000601,32303,Norandex Tallahassee FL - James.Thomason,0,0,0,0
95449,2000602,98057,Kraus Flooring WA,0,0,0,0
95599,2000603,21-500,"NK International Trading, LLC",0,0,0,0
95840,2000604,38632,Hernando office,0,0,0,0
96024,2000605,28209,"American Surface, Inc.",0,0,0,0
96050,2000606,324403,Greenwood Building Materials Supply Inc,0,0,0,0
96184,2000607,317000,"Paleo Furniture Co.,LTD",0,0,0,0
96187,2000608,67218,JAWA,0,0,0,0
96190,2000609,29067,Suncrest Supply,0,0,0,0
96194,2000610,91761,Greensmart Décor,0,0,0,0
96308,2000611,7072,Marble Systems_Carlstadt,0,0,0,0
96309,2000612,20152,Marble Systems Chantilly VA,0,0,0,0
96310,2000613,33122,Marble Systems Doral FL,0,0,0,0
96311,2000614,33069,Marble Systems Pompano Beach FL,0,0,0,0
96312,2000615,92806,Marble Systems Anaheim CA,0,0,0,0
96340,2000616,65775,"Ribadao - West Plains, MO",0,0,0,0
96444,2000617,54400,ATLANTIS MUHENDISLIK VE INSAAT AS,0,0,0,0
96448,2000618,330038,Jiangxi Kangtilong Bamboo Industry  Co. LTD,0,0,0,0
96587,2000619,33014,Hospitality Rattan Miami Distribution Center,0,0,0,0
97715,2000620,L5T 2W9,Kraus - Ontario,0,0,0,0
97716,2000621,37055,Armstrong Dickson,1,2000511,1,
97742,2000622,27320,PREMIERE / Bozovich,0,0,0,0
97745,2000623,91780,Eco Floor Direct Inc.,0,0,0,0
97746,2000624,90042,Legacy Warehouse,0,0,0,0
97782,2000625,16909,Kronotex Germany (Port of Hamburg),0,0,0,0
97836,2000626,12205,Daltile - Albany NY,0,0,0,0
97837,2000627,87113,Daltile Albuquerque NM,0,0,0,0
97838,2000628,30097,Daltile - Atlanta GA,0,0,0,0
97839,2000629,78728,Daltile - Austin TX,0,0,0,0
97840,2000630,21090,Daltile - Baltimore MD,0,0,0,0
97841,2000631,59102,Daltile - Billings MT,0,0,0,0
97842,2000632,35209,Daltile - Birmingham AL,0,0,0,0
97843,2000633,58504,Daltile - Bismarck ND,0,0,0,0
97844,2000634,83713,Daltile - Boise ID,0,0,0,0
97845,2000635,1801,Daltile - Boston North MA,0,0,0,0
97846,2000636,5495,Daltile - Burlington VT,0,0,0,0
97847,2000637,75006,Daltile - Carrollton TX,0,0,0,0
97848,2000638,29406,Daltile - Charleston SC,0,0,0,0
97849,2000639,28273,Daltile - Charlotte NC,0,0,0,0
97850,2000640,8003,Daltile - Cherry Hill NJ,0,0,0,0
97851,2000641,45242,Daltile - Cincinnati OH,0,0,0,0
97852,2000642,43085,Daltile - Columbus OH,0,0,0,0
97853,2000643,50323,Daltile - Des Moines IA,0,0,0,0
97854,2000644,48335,Daltile - Detroit MI,0,0,0,0
97856,2000645,79935,Daltile - EL Paso TX,0,0,0,0
97857,2000646,76117,Daltile - Fort Worth TX,0,0,0,0
97858,2000647,93727,Daltile - Fresno CA,0,0,0,0
97859,2000648,6114,Daltile - Hartford CT,0,0,0,0
97860,2000649,11714,Daltile - Hicksville NY,0,0,0,0
97861,2000650,96817,Daltile - Honolulu HI,0,0,0,0
97862,2000651,77092,Daltile - Houston - North TX,0,0,0,0
97863,2000652,77071,Daltile - Houston SW TX,0,0,0,0
97864,2000653,46037,Daltile - Indianapolis IN,0,0,0,0
97865,2000654,39157,Daltile - Jackson MS,0,0,0,0
97866,2000655,66219,Daltile - Kansas City KS,0,0,0,0
97867,2000656,89118,Daltile - Las Vegas NV,0,0,0,0
97868,2000657,40509,Daltile - Lexington KY,0,0,0,0
97869,2000658,36551,Daltile - Loxley AL,0,0,0,0
97870,2000659,53714,Daltile - Madison WI,0,0,0,0
97871,2000660,20109,Daltile - Manassas VA,0,0,0,0
97872,2000661,10010,Daltile - Manhattan Design Studio NY,0,0,0,0
97873,2000662,11378,Daltile - Maspeth NY,0,0,0,0
97874,2000663,38141,Daltile - Memphis TN,0,0,0,0
97875,2000664,79703,Daltile - Midland TX,0,0,0,0
97876,2000665,55441,Daltile - Minneapolis MN,0,0,0,0
97877,2000666,29577,Daltile - Myrtle Beach SC,0,0,0,0
97878,2000667,37204,Daltile - Nashville TN,0,0,0,0
97879,2000668,70123,Daltile - New Orleans LA,0,0,0,0
97880,2000669,73179,Daltile - Oklahoma City OK,0,0,0,0
97881,2000670,68128,Daltile - Omaha NE,0,0,0,0
97882,2000671,85040,Daltile - Phoenix AZ 85040,0,0,0,0
97883,2000672,15205,Daltile - Pittsburgh PA,0,0,0,0
97884,2000673,97210,Daltile - Portland OR,0,0,0,0
97885,2000674,4103,Daltile - Portland  ME,0,0,0,0
97886,2000675,27560,Daltile - Raleigh NC,0,0,0,0
97887,2000676,23230,Daltile - Richmond VA,0,0,0,0
97888,2000677,14623,Daltile - Rochester NY,0,0,0,0
97889,2000678,95827,Daltile - Sacramento - East CA,0,0,0,0
97890,2000679,84115,Daltile - Salt Lake City UT,0,0,0,0
97891,2000680,99202,Daltile - Spokane WA,0,0,0,0
97892,2000681,62711,Daltile - Springfield IL,0,0,0,0
97893,2000682,85745,Daltile - Tucson AZ,0,0,0,0
97894,2000683,33409,Daltile - West Palm Beach FL,0,0,0,0
97895,2000684,67213,Daltile - Wichita KS,0,0,0,0
97973,2000685,91768,Sino Nature Floors Inc,0,0,0,0
97975,2000686,32207,Meritage Warehouse,0,0,0,0
97983,2000687,84663,Kodiak Mountain Stone,0,0,0,0
98669,2000688,M9L1L4,Satin Finish Hardwood Flooring,0,0,0,0
98729,2000689,11520,Triforest Inc.,0,0,0,
98998,2000690,33167,Zuo Modern Contemporary_Miami,0,0,0,0
99000,2000691,94587,Zuo Modern_Union city,0,0,0,0
99002,2000692,38141,Global Market Partners Inc.,0,0,0,0
100707,2000693,0,Placeholder Warehouse,0,0,0,0
100869,2000694,75261,Atlas Concorde TX,0,0,0,0
100870,2000695,60007,From the Forest_IL,0,0,0,0
100998,2000696,98661,California Outdoor Concepts_Vancouver Warehouse,0,0,0,0
101004,2000697,46567,Poly-Wood,0,0,0,0
101017,2000698,20166,Fenghe International Trading Ltd. (VA),0,0,0,0
101142,2000699,12586,Green Bay HuiJiale - NY,0,0,0,0
101146,2000700,3446,"Carlisle Wide Plank Floors, Inc, Swanzey, NH",0,0,0,0
101784,2000701,8214,Dennisville Fence,0,0,0,0
102105,2000702,14225,"Carlisle WP Floors, Buffalo, NY",0,0,0,0
102909,2000703,33809,"Glide-Lock Mfg, Inc.",0,0,0,0
102912,2000704,91352,MTD Bath Inc.,0,0,0,0
102956,2000705,48876,Midwest Carpet Brokers,0,0,0,0
102038,2000706,1887,"Parterre Versallia Vinyl Flooring, Wilmington, MA",0,0,0,0
103212,2000707,27320,Premiere Finishing NC,0,0,0,0
103256,2000708,4704RG,Life Outdoor Living B.V.,0,0,0,0
103269,2000709,32060,International Mulch Company_FL,0,0,0,0
103274,2000710,21230,International Mulch Company_MD,0,0,0,0
103275,2000711,62035,International Mulch Company_IL,0,0,0,0
103276,2000712,84404,International Mulch Company_UT,0,0,0,0
103285,2000713,19341,"Nature Flooring Industries, Inc.",0,0,0,0
103297,2000714,78216,Koni Materials,0,0,0,0
103304,2000715,8873,Livex,0,0,0,0
103311,2000716,30701,R.S.C. Inc.,0,0,0,0
103582,2000717,95691,TK Classics,0,0,0,0
103214,2000718,J4Y 0C4,Sojag Brossard,0,0,0,0
103217,2000719,J4G 2T2,Sojag Longueuil,0,0,0,0
103219,2000720,92507,Updike Distribution Logistics,0,0,0,0
103761,2000721,54130-4137,GBC Safety Glow llc.,0,0,0,0
100695,2000722,21224,Baltimore,0,0,0,0
103657,2000723,13126,"Hardwood Transformations, LLC Osewego, NY",0,0,0,0
103658,2000724,L5S 1Y6,"Torlys Smart Floors, Mississauga, ON",0,0,0,0
103743,2000725,30701,"NFI - Calhoun, GA",1,2000511,0,
103744,2000726,91745,"NFI - City of Industry, CA",1,2000505,0,
103782,2000727,90220,Delap Flexible Stone,0,0,0,0
104525,2000728,91761,Greensmart Decor- Smart Warehousing,0,0,0,0
104660,2000729,75028,Mohawk Flooring TXB,0,0,0,0
104671,2000731,30701,Mohawk Flooring GHB,1,2000511,0,
104747,2000732,313301,"Zhejiang Yongyu Bamboo Joint-Stock Co., Ltd",0,0,0,0
104837,2000733,90810,Donatello Doors,0,0,0,0
104855,2000734,38506,Edmar Corporation,0,0,0,0
104950,2000735,123456,Seller Location A,0,0,0,0
105471,2000736,27012,Triangle Warehouse,0,0,0,0
105477,2000737,28217,Pinpoint Warehouse,0,0,0,0
106100,2000738,30701,"Mohawk Home - Calhoun, GA (Marine Drive facility)",0,0,0,0
106102,2000739,30701,"Mohawk Home - Calhoun, GA (Pine Street facility)",0,0,0,0
106150,2000740,12345,Test_Warehouse_CA,0,0,0,0
106385,2000741,91803,W Unlimited,0,0,0,0
106407,2000742,33122,Mia Casa Tua LLC,0,0,0,0
106436,2000743,H9B2C5,MGA Commodities,0,0,0,0
106690,2000744,60436,International Transload Logistics,0,0,0,0
106708,2000745,48312,Sterling Heights,0,0,0,0
106709,2000746,15955,Sidman,0,0,0,0
106710,2000747,45246,Cincinnati,0,0,0,0
106827,2000748,57078,CeilingConnex,0,0,0,0
106843,2000749,92705,Moulds Plus International USA Inc.,0,0,0,0
106948,2000750,41030,Wolf Steel USA,0,0,0,0
106957,2000751,90210,SPLA,0,0,0,0
107153,2000752,94577,San Leandro Warehouse,0,0,0,0
107154,2000753,91789,City of Industry Warehouse,0,0,0,0
107228,2000754,75426,Division 2,0,0,0,0
107337,2000755,30080,"Daltile - West Atlanta, GA",0,0,0,0
107339,2000756,21220,"Daltile - White Marsh, MD",0,0,0,0
107340,2000757,11232,"Daltile - Brooklyn, NY",0,0,0,0
107341,2000758,97301,"Daltile - Salem, OR",0,0,0,0
107342,2000760,78501,"Daltile - McAllen, TX",0,0,0,0
107343,2000761,77034,"Daltile - Houston South, TX",0,0,0,0
107367,2000762,V5X3A2,GREENWELL RESOURCES,0,0,0,0
107368,2000763,V3J 6S1,Seller Location B,0,0,0,0
107424,2000764,7201,Fine Mod Imports Warehouse,0,0,0,0
107428,2000765,22603,Evolve Home & Garden,0,0,0,0
107542,2000766,V6W 0A1,"Portside Warehousing Richmond,BC",0,0,0,0
107602,2000767,252800,"LIAOCHENG BLOCKER DECORATIVE MATERIALS CO.,LTD.",0,0,0,0
108441,2000768,91761,Xcel Fence Inc.,0,0,0,0
108732,2000769,46168,Integrated Distribution Services,0,0,0,0
108746,2000770,12345,Warehouse A,0,0,0,0
108778,2000771,98148,Afar Seattle transload whse,0,0,0,0
108867,2000772,95205,GBM,0,0,0,0
108884,2000773,17901,Kährs Group North American Distribution Center,1,2000507,1,
109090,2000774,92708,Asta-1,0,0,0,0
109133,2000775,33166,Finish Build Inc,0,0,0,0
109565,2000776,V2R4H5,Viewpoint Doors,0,0,0,0
109755,2000777,7026,Allwood Distribution LLC,0,0,0,0
110647,2000778,98021,"Ribadao - Bothell, WA",0,0,0,0
110659,2000779,30504,Wahoo Decks,0,0,0,0
111366,2000780,48304,Tischlager,0,0,0,0
118788,2000781,90003,LA Rug Inc.,0,0,0,0
120175,2000782,1960,MaxPro,0,0,0,0
120697,2000783,8837,Edison Warehouse,1,2000507,0,
120716,2000784,84104,IFS360,0,0,0,0
120728,2000785,N0B-2J0,Cherry Forest Products,0,0,0,0
120789,2000786,L4Z 1Z9,Creative Style Composites-Mississauga,0,0,0,0
120879,2000787,32034,Amelia,0,0,0,0
126862,2000788,V5L1G8,Solus Warehouse,0,0,0,0
126890,2000789,48180,The Composite Source,0,0,0,0
127039,2000790,60631,PurezaWood,0,0,0,0
127464,2000791,30534,Native,1,2000511,0,
127514,2000792,21225,JDS BALTIMORE,0,0,0,0
127557,2000793,V3J 6S1,JDP Surrey Warehouse,0,0,0,0
127639,2000794,100291,Birch Bay Warehouse,0,0,0,0
127642,2000795,60632,Hart Lighting,0,0,0,0
127650,2000796,18240,Elk,0,0,0,0
127662,2000797,G5H3K8,Mont-joli,0,0,0,0
127675,2000798,L4K 5W1,DVI,0,0,0,0
127676,2000799,33069,Lumenno,0,0,0,0
127677,2000800,J5W 1P5,Lumitonic,0,0,0,0
127678,2000801,91311,PLC,0,0,0,0
127680,2000802,32204,Glodea,0,0,0,0
127681,2000803,93012,Galtech,0,0,0,0
127682,2000804,L5T 2E4,Dainolite,0,0,0,0
127683,2000805,95828,Bellaterra Home,0,0,0,0
127713,2000806,91605,Sessemo,0,0,0,0
127719,2000807,53713,Madison,0,0,0,0
127720,2000808,91745,"Nature - LA, California",0,0,0,0
127721,2000809,18109,"NFI - Allentown, PA",1,2000507,0,
127737,2000810,92211,Mario's Tile Care and Concrete Cleaning,0,0,0,0
127750,2000811,91710,Best Master Furniture,0,0,0,0
127752,2000812,91763,Vogue Furniture Direct,0,0,0,0
127827,2000813,12345,Warehouse 1,0,0,0,0
127886,2000814,V3S 3X1,Elite Linen Inc.,0,0,0,0
127887,2000815,H9B2C5,MGA DDO,0,0,0,0
127974,2000816,7032,"Ribadao ? GNC - South Kearny, NJ",0,0,0,0
127991,2000817,7072,Ottomanson,0,0,0,0
128089,2000820,V5X 3M3,Vancouver Woorcarving (Vancouver),0,0,0,0
128332,2000821,33069,Maksiwa,0,0,0,0
128360,2000822,45840,Danby Products Inc.,0,0,0,0
128361,2000823,90221,Danby Products LMD 08 - Rancho Dominguez - CA - 90221,0,0,0,0
128362,2000824,8837,Danby Products LMD 07 - Edison - NJ - 08837,0,0,0,0
128387,2000825,12919,An Deringer – C/O CDI,0,0,0,0
128516,2000826,92806,Unicorn Tile Anaheim,0,0,0,0
128517,2000827,75229,Unicorn Tile Dallas,0,0,0,0
128719,2000829,43125,Vinyl Fence Wholesaler,0,0,0,0
128817,2000830,8837,Logistics Team,0,0,0,0
131861,2000831,V6Z2C1,Aleksandar,0,0,0,0
132086,2000832,11767,Homeworx Direct,0,0,0,0
132447,2000833,92841,Southern California,1,2000505,0,
132474,2000834,91746,Nextar Wholesale,0,0,0,0
133298,2000835,30103,Shaw Plant L3,1,2000511,0,
133761,2000836,01364-0116,PRINCETON FOREST PRODUCTS,0,0,0,0
133771,2000837,91761,CA-Ontario,0,0,0,0
134430,2000838,27320,Premiere/Bozovich,0,0,0,0
134636,2000839,11729,Arthur W. Brown,0,0,0,0
134685,2000840,J0A 1M0,ROLAND BOULANGER & CIE LTEE,0,0,0,0
134806,2000841,90501,Ceva Logistics,0,0,0,0
134809,2000842,47150,Progressive Materials,0,0,0,0
134829,2000843,J4Y2P4,LUXAZ,0,0,0,0
135175,2000844,33016,E-ROD Laminate & Tile,0,0,0,0
135860,2000845,33169,Infinita Corporation 1000 Location,0,0,0,0
135940,2000846,43617,Polaris Sinks,0,0,0,0
135942,2000847,90670,Alpha Floors Inc,0,0,0,0
136033,2000848,30344,Ceva Logistics,1,2000511,0,
136034,2000849,33169,"FlexDeck Miami, FL",0,0,0,0
136624,2000850,92121,San Diego Flooring & Kitchen,0,0,0,0
136727,2000851,33172,Rubi,0,0,0,0
137326,2000852,92009,California Warehouse,0,0,0,0
137333,2000853,235,Taiwan Warehouse,0,0,0,0
137965,2000854,10003,Test Please Ignore,0,0,0,0
138338,2000855,91731,"Greenbay - El Monte, CA",0,0,0,0
138339,2000856,77043,"Greenbay - Houston, TX",0,0,0,0
138340,2000857,11520,"Greenbay - Freeport, NY",0,0,0,0
138875,2000858,92211,Mario's Products LLC,0,0,0,0
138883,2000859,98248,U Save Lighting - Ferndale,0,0,0,0
138910,2000860,90220,"Gofloors, LLC % NEC Logistics",1,2000505,0,
139001,2000861,98032,Associated Energy Systems - Kent,0,0,0,0
142558,2000862,R3E0N4,Specialloy Industries,0,0,0,0
142562,2000863,54858,Greatmats.com,0,0,0,0
142878,2000864,30213,Landmann - USA,0,0,0,0
142881,2000865,12586,walden,0,0,0,0
142885,2000866,92201,Amantii,0,0,0,0
142932,2000867,330600,JIANGXI SHANYOU WAREHOUSE,0,0,0,0
142939,2000868,7608,Jet Distribution Warehouse - Phone: (201) 440-5800,0,0,0,0
142940,2000869,92805,ANAHEIM,0,0,0,0
145357,2000870,91746,SLCC Southern Californnia,0,0,0,0
145455,2000872,60451,Shipwire,0,0,0,0
145762,2000873,60103,"Diversified Entities, LLC",0,0,0,0
146193,2000874,11520,76 Bennington,0,0,0,0
146219,2000875,95042010,WIC,0,0,0,0
146322,2000876,30340,Elegant Home Fashions,0,0,0,0
146563,2000877,12085,HOLBROOK LUMBER COMPANY,0,0,0,0
147018,2000878,J3B 7S7,Main warehouse,0,0,0,0
147025,2000879,30336,Atlanta,0,0,0,0
147061,2000880,700000,Viet Son Factory,0,0,0,0
147178,2000881,V3M 6N7,GPS LOGISTICS,0,0,0,0
147189,2000882,70806,Baton Rouge,0,0,0,0
147216,2000884,94545,"Dawn Kitchen & Bath Products, Inc",0,0,0,0
147289,2000885,91766,Kittrich Corporation,0,0,0,0
147478,2000886,91744,PALMARY GLOBAL INC,0,0,0,0
147482,2000887,14489,Cretcom1,0,0,0,0
147494,2000888,53370,Mexico1,0,0,0,0
147729,2000889,32257,B&B Tile Factory,1,2000511,1,
147741,2000890,91748,ACME FURNITURE INDUSTRY INC,0,0,0,0
147932,2000891,91773,EP Ethan,1,2000505,0,
147944,2000892,92707,Atlas Kitchen And Bath,0,0,0,0
148156,2000893,60110,MAIN WAREHOUSE,1,2000514,0,
148170,2000894,21157,Maryland,1,2000507,1,
148222,2000895,85251,Katerra HQ,0,0,0,0
148663,2000896,35004,The Distribution Point,0,0,0,0
149117,2000897,CW4 8AS,Rhino Home,0,0,0,0
149647,2000898,91731,4201 BALDWIN,0,0,0,0
149752,2000899,8110,Cork NJ,0,0,0,0
150369,2000900,L6Y2N5,WLUM CONSULTANTS,0,0,0,0
150387,2000901,28078,"Huntersville, NC",0,0,0,0
151771,2000902,91723,Sumar,0,0,0,0
151805,2000903,19146,MM Group,0,0,0,0
151922,2000904,63045,John Louis,0,0,0,0
151960,2000905,27320,Premiere Finishing,0,0,0,0
151987,2000906,14206,Laub International,0,0,0,0
152187,2000907,91730,Festival Depot,0,0,0,0
152209,2000908,93245,Lemoore,0,0,0,0
152345,2000909,30518,Prowarehousing,0,0,0,0
152440,2000910,32254,GBM FLORIDA,0,0,0,0
152441,2000911,77642,GBM TEXAS,0,0,0,0
153136,2000912,M9L 1R3,Suntown Co Limited - Toronto,0,0,0,0
153245,2000913,L6H 5V5,Liquid Rubber Canada Inc,0,0,0,0
153349,2000914,20743,Expo Cabientry,0,0,0,0
153455,2000915,95010,"California, Santa Cruz",0,0,0,0
155119,2000916,53597,Uniek,0,0,0,0
155140,2000917,91706,SimplyShade,0,0,0,0
156411,2000918,92805,Main Warehouse,0,0,0,0
156980,2000919,26253,Armstrong West Virgina,0,0,0,0
158203,2000920,33313,Green Oxen Headquarters,0,0,0,0
158574,2000921,33122,Green Worldwide Shipping,0,0,0,0
160122,2000923,N6K2K8,Showers & More Distribution Center,0,0,0,0
160191,2000924,53597,Uniek,0,0,0,0
160202,2000925,V3Y0E2,JR Pitt Meadows,0,0,0,0
161974,2000926,37874,Sweetwater,0,0,0,0
162567,2000927,7481,360 Products,0,0,0,0
165105,2000928,362200,MAKARONI WAREHOUSE,0,0,0,0
165123,2000929,23434,Trans-Ocean Import,0,0,0,0
165124,2000930,48044,Michigan Warehouse,0,0,0,0
165948,2000931,98032,WSL Services,0,0,0,0
166364,2000932,91364,The Super Post,0,0,0,0
168295,2000933,76177,KFS,0,0,0,0
168656,2000934,37419,Memory Foam-TN,0,0,0,0
168657,2000935,91744,Innerspring-CA,0,0,0,0
168658,2000936,7008,Textiles-NJ,0,0,0,0
169491,2000937,33054,Maincraft OpaLocka,0,0,0,0
169497,2000938,13069,Timberline Hardwood Floors LLC,0,0,0,0
171654,2000939,92707,Rubber-Cal,0,0,0,0
171833,2000940,78415,Warehouse 1,0,0,0,0
172270,2000942,7083,Manhattan Comfort - NJ,0,0,0,0
181465,2000944,L3R1B3,Glow Lighting-Canada,0,0,0,0
181487,2000945,47403,Organized Living,0,0,0,0
181565,2000946,68137,FastStone+ Warehouse,0,0,0,0
181863,2000947,7631,BBB INternational,0,0,0,0
182639,2000948,94544-7811,WAGAN,0,0,0,0
182710,2000951,L3R4C2,Walls Republic Warehouse,0,0,0,0
182794,2000952,75244,Loloi Warehouse,0,0,0,0
188023,2000953,75212,Compotite Dallas Warehouse,0,0,0,0
188025,2000954,33815,Compotite Lakeland Warehouse,0,0,0,0
188122,2000955,R2V2V4,GR Distributors - Winnipeg,0,0,0,0
188193,2000956,V3M6J1,Chester,0,0,0,0
188218,2000957,38116,Nickey Warehouse,0,0,0,0
188237,2000958,v5g3e3,Main DT center,0,0,0,0
188308,2000959,12121,Test Adobe Analytics Tracking - Ignore,0,0,0,0
188361,2000960,65051,Patio Living Concepts,0,0,0,0
188595,2000961,L4K5W1,DVI Lighting-Canada,0,0,0,0
189147,2000962,89511,9736,0,0,0,0
189151,2000963,98032,Mohawk Flooring KND,0,0,0,0
190032,2000964,11232,DSD Group,0,0,0,0
190373,2000965,7072,Snow Joe + Sun Joe Carlstadt Warehouse,0,0,0,0
190376,2000966,22079,MAXSA-- Lorton,0,0,0,0
190633,2000967,31407,HWC Logistics,0,0,0,0
190941,2000968,7008,Leonard Logistics,0,0,0,0
192247,2000969,75241-7203,Dallas,0,0,0,0
192699,2000970,59840,Ironhaus,0,0,0,0
192734,2000971,11231,BKWH,0,0,0,0
192737,2000972,24555,Mohawk Flooring GCD,0,0,0,0
192742,2000973,92335,Mohawk Flooring SCD,0,0,0,0
192744,2000974,33023,Mohawk Flooring FLD,0,0,0,0
192751,2000975,46628,ISB Marketing,0,0,0,0
196017,2000976,20794,Valley Logistics LLC,0,0,0,0
196028,2000977,30096,GreenTouch,1,2000511,0,
196137,2000978,V3K6C2,U Save Lighting,0,0,0,0
196156,2000979,21093,HCS Warehouse,0,0,0,0
197636,2000980,50322,Copper Ridge,0,0,0,0
198506,2000981,92081,EasyTurf,0,0,0,0
198510,2000982,60013,Pulsar Products Inc. Chicago,0,0,0,0
198513,2000983,45652,Prestige Hardwood Flooring,0,0,0,0
198514,2000984,91761,Pulsar Products California,0,0,0,0
198733,2000985,91768,Crane,0,0,0,0
198746,2000986,11220,Ucore Inc,0,0,0,0
199106,2000987,30360,Jaxx HQ,0,0,0,0
199226,2000988,32771,Soni Interiors Supply,0,0,0,0
199401,2000990,91761,California,0,0,0,0
199405,2000991,43571,Whitehouse,0,0,0,0
203661,2000999,75087,Elements International Grp,0,0,0,0
204023,2001000,91006,Arcadia,0,0,0,0
205515,2001002,30127,Daco Enterprises,0,0,0,0
205592,2001004,27105,Winston-Salem,0,0,0,0
210830,2001005,94545,Hayward,0,0,0,0
214679,2001006,0,Port of Izmir,0,0,0,0
219657,2001010,92507,TLC Riverside,1,2000505,0,
223605,2001013,92571,TLC Perris,0,0,0,0
224017,2001015,78641,Leander,0,0,0,0
224070,2001016,75042,White Star,0,0,0,0
224274,2001017,7036,EASTERN WAREHOUSE,0,0,0,0
224288,2001018,29483,Eccotemp US,0,0,0,0
224581,2001019,14043,EKBINNOVATIONS-NY,0,0,0,0
224582,2001020,90810,EKBInnovations-CA,0,0,0,0
225224,2001059,43302,Marion,0,0,0,0
225232,2001060,90058,LHI Warehouse - Vernon,0,0,0,0
225284,2001062,75006,"EmilAmerica - Carrollton, TX ",0,0,0,0
225595,2001063,7004,"Stonex Natural Stone, LLC",0,0,0,0
228454,2001066,8831,Monroe,0,0,0,0
230684,2001074,92841,ANT SERVICE CORPORATION WAREHOUSE,1,2000505,0,
230696,2001075,98424,Dansons Inc. (Fife),0,0,0,0
230698,2001076,T5L 4T4,Dansons Inc. (Edmonton),0,0,0,0
234139,2001079,30005,Sengled Warehouse,0,0,0,0
234204,2001080,M2J-4G8,Upplands Energy Inc,0,0,0,0
234406,2001082,14206,Laub International,0,0,0,0
235330,2001083,90221,Vinotemp Factory,0,0,0,0
235393,2001084,84058,Blendtec,0,0,0,0
235395,2001085,18974,NBDWP,0,0,0,0
236160,2001088,44256,Advanced Distribution Warehouse,0,0,0,0
236872,2001090,95003,Pulse ShowerSpas,0,0,0,0
246892,2001094,7663,Saddle Brook,0,0,0,0
246894,2001095,30701,Calhoun,0,0,0,0
247309,2001096,55303,Dansons Inc. (Ramsey),0,0,0,0
247375,2001097,37604,LPI Inc.,0,0,0,0
253740,2001099,92154,Otay,0,0,0,0
254589,2001100,84042,Humless Lindon,0,0,0,0
254792,2001101,L4T1G3,IMG Imports Inc.,0,0,0,0
256603,2001107,7004,New Jersey Warehouse,1,2000507,0,
256607,2001108,30004,RDC / Atlanta Warhouse,1,2000511,0,
256718,2001110,84663,R4,0,0,0,0
256966,2001111,54956,ACP,0,0,0,0
256982,2001112,27292,Linwood,0,0,0,0
257299,2001116,8071,203 New Jersey Distribution Centre,0,0,0,0
258114,2001117,91761,Vinnova Warehouse,0,0,0,0
258149,2001119,98032,204 Seattle Distribution,0,0,0,0
258154,2001124,2048,211 Boston Distribution,0,0,0,0
258156,2001126,85353,213 Arizona Distribution,0,0,0,0
258157,2001127,21046,214 Virginia Distribution,0,0,0,0
258160,2001129,28269,209 North Carolina DC,0,0,0,0
258162,2001130,92337,202 Fontana DC,0,0,0,0
258164,2001132,76177,205 Dallas DC,0,0,0,0
258165,2001133,60007,206 Chicago DC,0,0,0,0
258166,2001134,32824,207 Orlando DC,0,0,0,0
258167,2001135,48174,210 Michigan DC,0,0,0,0
258169,2001137,94560,212 Newark DC,0,0,0,0
260191,2001143,21701,Frederick,0,0,0,0
260329,2001144,30350,"Gama Sonic USA, Inc",0,0,0,0
260332,2001145,30350,Gama Sonic,0,0,0,0
274354,2001146,8512,Achim Importing Co.,1,2000507,0,
274420,2001147,6795,Watertown,0,0,0,0
274465,2001148,98499,Lakewood,0,0,0,0
274467,2001149,62230,Haag,0,0,0,0
274468,2001150,92335,Fontana,0,0,0,0
275521,2001152,28613,Conover Plant,0,0,0,0
282430,2001153,43040,Warehouse 1,0,0,0,0
282432,2001154,89512,Warehouse 2,0,0,0,0
282445,2001155,91754,Monterey Park Warehouse,0,0,0,0
283516,2001182,1887,Parterre Flooring Systems,0,0,0,0
291874,2001183,30336,BWT,0,0,0,0
300957,2001187,93117,Trabella Santa Barbara,0,0,0,0
301571,2001191,37814,NMC North America Tennessee,0,0,0,0
302281,2001194,82240,Natures Composites Facility,0,0,0,0
302374,2001195,93117,Trabella Tiles,0,0,0,0
302451,2001197,54130,"Carved Stone Creations, Inc.",0,0,0,0
302501,2001198,98421,Lucas BBQ - Tacoma,0,0,0,0
305827,2001201,30349,Fullriver DC,0,0,0,0
305828,2001202,60191,Fullriver USA DC  - Chicago,0,0,0,0
305831,2001203,76051,Fullriver USA DC - Dallas,0,0,0,0
305832,2001204,90220,Fullriver USA DC - Los Angeles,0,0,0,0
317612,2001205,95449,Real Goods Warehouse,0,0,0,0
318633,2001213,98248,Propack Ferndale,0,0,0,0
318636,2001214,37188,Propack Tennessee,0,0,0,0
318638,2001215,V4G1N4,DWS Logistics Inc.,0,0,0,0
318953,2001216,16024,"Natural Concrete Products Co, PA",0,0,0,0
319153,2001217,H9P2R2,Artika For Living Inc.,0,0,0,0
319162,2001218,92507,Sunpark Technology,0,0,0,0
319281,2001219,94545,Stufurhome Hayward,0,0,0,0
319726,2001221,37601,Harris Wood,0,0,0,0
319939,2001227,92841,Gardena Sofa LLC,0,0,0,0
320596,2001234,T2E7C8,AB-1825,0,0,0,0
321322,2001237,33126,Altoglass,0,0,0,0
322035,2001242,46268-3816,Laticrete Indiana Plant,0,0,0,0
322038,2001243,28345-7324,LATICRETE North Carolina Plant,0,0,0,0
322040,2001244,97355-2286,LATICRETE Oregon Plant,0,0,0,0
322042,2001245,92883-4104,LATICRETE California Plant,0,0,0,0
322044,2001246,75050-1913,LATICRETE Texas Plant,0,0,0,0
322046,2001247,33407-1235,LATICRETE Florida Plant,0,0,0,0
322048,2001248,19464,LATICRETE Pennsylvania Plant,0,0,0,0
322050,2001249,06524-3423,"LATICRETE International, Inc. World Headquarters",0,0,0,0
322939,2001250,77036,YULF Design & Flooring,0,0,0,0
323265,2001252,10312,Victoriya International,0,0,0,0
328990,2001258,T3N0A1,101 Calgary DC,0,0,0,0
328991,2001259,L5S1W3,102 Missisauga DC,0,0,0,0
328992,2001260,V4G1N4,103 Vancouver DC,0,0,0,0
328993,2001261,H4T1Z5,104 Montreal DC,0,0,0,0
329148,2001264,44612,10708 Industrial Pkwy NW,0,0,0,0
329684,2001265,90220,Los Angeles - WEST,0,0,0,0
329686,2001266,60018,Chicago - EAST,0,0,0,0
335975,2001271,77041,"Eleganza - Houston, TX Branch",0,0,0,0
336153,2001275,74454,ACIDSTAINTILE LLC,0,0,0,0
349345,2001285,92081,Vista GGD,0,0,0,0
350460,2001286,91766,Pomona,0,0,0,0
350462,2001287,94545,Hayward,0,0,0,0
350669,2001288,91780,CHRISTINA & SON INC.,0,0,0,0
351073,2001289,45223,Harris Distribution,0,0,0,0
351261,2001290,60563,"Extreme Tools, Inc.",0,0,0,0
351666,2001291,18109,"S-NFI - Allentown, PA",0,0,0,0
352139,2001292,90660,HomeCo Pico Rivera,0,0,0,0
